{"cameraMode":{"drawMode":0,"name":"Shaded","section":"Shading Mode"},"sceneLighting":true,"audioPlay":false,"sceneViewState":{"showFog":true,"showMaterialUpdate":true,"showSkybox":true,"showFlares":true,"showImageEffects":true,"showParticleSystems":true},"in2DMode":false,"pivot":{"x":1.3719005584716797,"y":3.9035942554473879,"z":-3.3723032474517824},"rotation":{"x":0.0027031456120312216,"y":0.9835165739059448,"z":-0.014754604548215866,"w":0.1801951676607132},"size":11.991191864013672,"orthographic":false}